Name,:manref,:fileref,:DataSheet
/2DVM6201AE-,GR-Z A B 50 034, DX_Condenser_01,L:\45062_EDF\5_Data\3_Datasheets\2DVM\EQUI\ DX_Condenser_01.pdf
/2DVM6202AE-,GR-Z A B 50 049, DX_Condenser_01,L:\45062_EDF\5_Data\3_Datasheets\2DVM\EQUI\ DX_Condenser_01.pdf
/2DVM7201AE-,PUZ-M100YKA.TH, DX_Condenser_03,L:\45062_EDF\5_Data\3_Datasheets\2DVM\EQUI\ DX_Condenser_03.pdf
/2DVM7202AE-,PUZ-M100YKA.TH, DX_Condenser_03,L:\45062_EDF\5_Data\3_Datasheets\2DVM\EQUI\ DX_Condenser_03.pdf
/2DVM7203AE-,PUZ-M100YKA.TH, DX_Condenser_03,L:\45062_EDF\5_Data\3_Datasheets\2DVM\EQUI\ DX_Condenser_03.pdf
/2DVM7204AE-,PUZ-M100YKA.TH, DX_Condenser_03,L:\45062_EDF\5_Data\3_Datasheets\2DVM\EQUI\ DX_Condenser_03.pdf
/2DVM7205AE-,PUZ-M100YKA.TH, DX_Condenser_03,L:\45062_EDF\5_Data\3_Datasheets\2DVM\EQUI\ DX_Condenser_03.pdf
/2DVM8202AE-,PURY-P250YNW-A, DX_Condenser_02,L:\45062_EDF\5_Data\3_Datasheets\2DVM\EQUI\ DX_Condenser_02.pdf
/2DVM6201CL-,t-NEXT DX O 026 P1 S E3, DX_Evaporator_02,L:\45062_EDF\5_Data\3_Datasheets\2DVM\EQUI\ DX_Evaporator_02.pdf
/2DVM6202CL-,t-NEXT DX O 041 P1 S E4, DX_Evaporator_02,L:\45062_EDF\5_Data\3_Datasheets\2DVM\EQUI\ DX_Evaporator_02.pdf
/2DVM7201CL-,PKA-M100KA, DX_Evaporator_03,L:\45062_EDF\5_Data\3_Datasheets\2DVM\EQUI\ DX_Evaporator_03.pdf
/2DVM7202CL-,PKA-M100KA, DX_Evaporator_03,L:\45062_EDF\5_Data\3_Datasheets\2DVM\EQUI\ DX_Evaporator_03.pdf
/2DVM7203CL-,PKA-M100KA, DX_Evaporator_03,L:\45062_EDF\5_Data\3_Datasheets\2DVM\EQUI\ DX_Evaporator_03.pdf
/2DVM7204CL-,PKA-M100KA, DX_Evaporator_03,L:\45062_EDF\5_Data\3_Datasheets\2DVM\EQUI\ DX_Evaporator_03.pdf
/2DVM7205CL-,PKA-M100KA, DX_Evaporator_03,L:\45062_EDF\5_Data\3_Datasheets\2DVM\EQUI\ DX_Evaporator_03.pdf
/2DVM8201CL-,PKFY-P15VLM-E, DX_Evaporator_01,L:\45062_EDF\5_Data\3_Datasheets\2DVM\EQUI\ DX_Evaporator_01.pdf
/2DVM8202CL-,PKFY-P10VLM-E, DX_Evaporator_01,L:\45062_EDF\5_Data\3_Datasheets\2DVM\EQUI\ DX_Evaporator_01.pdf
/2DVM8203CL-,PKFY-P10VLM-E, DX_Evaporator_01,L:\45062_EDF\5_Data\3_Datasheets\2DVM\EQUI\ DX_Evaporator_01.pdf
/2DVM8204CL-,PKFY-P20VLM-E, DX_Evaporator_01,L:\45062_EDF\5_Data\3_Datasheets\2DVM\EQUI\ DX_Evaporator_01.pdf
/2DVM8205CL-,PKFY-P32VLM-E, DX_Evaporator_01,L:\45062_EDF\5_Data\3_Datasheets\2DVM\EQUI\ DX_Evaporator_01.pdf
/2DVM8206CL-,PKFY-P32VLM-E, DX_Evaporator_01,L:\45062_EDF\5_Data\3_Datasheets\2DVM\EQUI\ DX_Evaporator_01.pdf
/2DVM8207CL-,PKFY-P20VLM-E, DX_Evaporator_01,L:\45062_EDF\5_Data\3_Datasheets\2DVM\EQUI\ DX_Evaporator_01.pdf
/2DVM8208CL-,PKFY-P20VLM-E, DX_Evaporator_01,L:\45062_EDF\5_Data\3_Datasheets\2DVM\EQUI\ DX_Evaporator_01.pdf
/2DVM8209CL-,PKFY-P10VLM-E, DX_Evaporator_01,L:\45062_EDF\5_Data\3_Datasheets\2DVM\EQUI\ DX_Evaporator_01.pdf
/2DVM8210CL-,PKFY-P10VLM-E, DX_Evaporator_01,L:\45062_EDF\5_Data\3_Datasheets\2DVM\EQUI\ DX_Evaporator_01.pdf
/2DVM8211CL-,PKFY-P25VLM-E, DX_Evaporator_01,L:\45062_EDF\5_Data\3_Datasheets\2DVM\EQUI\ DX_Evaporator_01.pdf
